{
  "Programming Languages": [
    "python",
    "java",
    "javascript",
    "typescript",
    "c",
    "c++",
    "c#",
    "go",
    "rust",
    "ruby",
    "php",
    "kotlin",
    "swift",
    "scala",
    "r",
    "matlab"
  ],
  "Frameworks & Libraries": [
    "react",
    "angular",
    "vue",
    "node.js",
    "express",
    "spring",
    "django",
    "flask",
    "fastapi",
    ".net",
    "laravel",
    "rails",
    "tensorflow",
    "pytorch",
    "scikit-learn",
    "keras",
    "opencv",
    "pandas",
    "numpy"
  ],
  "Cloud & DevOps": [
    "aws",
    "azure",
    "gcp",
    "docker",
    "kubernetes",
    "terraform",
    "ansible",
    "ci/cd",
    "jenkins",
    "github actions",
    "gitlab ci",
    "helm"
  ],
  "Data & Databases": [
    "sql",
    "mysql",
    "postgresql",
    "sqlite",
    "mongodb",
    "redis",
    "elasticsearch",
    "snowflake",
    "bigquery",
    "hive",
    "spark",
    "hadoop",
    "airflow",
    "dbt"
  ],
  "Security": [
    "owasp",
    "burp suite",
    "metasploit",
    "kali linux",
    "siem",
    "splunk",
    "waf",
    "ids",
    "ips",
    "iam",
    "oauth",
    "jwt",
    "sso"
  ],
  "Mobile & UI": [
    "android",
    "kotlin",
    "jetpack compose",
    "swiftui",
    "ios",
    "flutter",
    "react native",
    "tailwindcss",
    "bootstrap",
    "figma"
  ],
  "ML / AI Topics": [
    "nlp",
    "llm",
    "transformers",
    "computer vision",
    "classification",
    "regression",
    "clustering",
    "time series",
    "recommendation system",
    "prompt engineering",
    "rag",
    "fine-tuning"
  ],
  "Other": [
    "git",
    "linux",
    "rest api",
    "graphql",
    "microservices",
    "message queues",
    "rabbitmq",
    "kafka",
    "grpc",
    "websockets",
    "webrtc"
  ]
}